Metric,Score
Faithfulness,0.9448491139045861
Answer Relevancy,0.8678743986575759
Context Precision,0.8109953703416735
Context Recall,0.9833333333333334
Average,0.9017630540592922
