Retriever,Faithfulness,Answer Relevancy,Context Precision,Context Recall,Average
Cohere Rerank,0.9438650473630313,0.9463723294153822,0.9861111110604167,0.9833333333333334,0.9649204552930409
Bm25,0.9501873478099734,0.9524545531332574,0.8638888888535184,0.9833333333333334,0.9374660307825207
Ensemble,0.9485825322279147,0.9599657147211951,0.8401421957387131,0.9833333333333334,0.933005944005289
Naive,0.9798856621773288,0.9484688147299063,0.8457175925533055,0.9416666666666668,0.9289346840318019
