Retriever,Faithfulness,Answer Relevancy,Context Precision,Context Recall,Average
Cohere Rerank,0.956895419941837,0.9397163986048178,0.8958333332850693,0.9672619047619048,0.9399267641484073
Bm25,0.9592193792331621,0.9457929893285049,0.8582175925534443,0.9880952380952381,0.9378312998025874
Ensemble,0.9564027672386368,0.9473050044577467,0.8391369047294238,1.0,0.9357111691064518
Naive,0.9575492312334416,0.9473514986978371,0.8425925925525387,0.9880952380952381,0.9338971401447639
