Retriever,Faithfulness,Answer Relevancy,Context Precision,Context Recall,Average
Cohere Rerank,0.9614648120440453,0.9500922576918419,0.9999999999458332,0.9833333333333334,0.9737226007537635
Ensemble,0.954482308020773,0.962528181352707,0.8565839946747519,0.9833333333333334,0.9392319543453913
Bm25,0.9385871853577021,0.9559689036142053,0.8424768518139342,0.9833333333333334,0.9300915685297937
Naive,0.9653368587786669,0.9467987699632895,0.7998842592294859,0.9833333333333334,0.9238383053261939
