Retriever,Faithfulness,Answer Relevancy,Context Precision,Context Recall,Average
Cohere Rerank,0.9734086478823322,0.9439749372082891,0.9305555555055555,0.9672619047619048,0.9538002613395203
Bm25,0.9595073704078493,0.9466421139668412,0.8790509258890924,0.9880952380952381,0.9433239120897552
Ensemble,0.9374686081957755,0.9404405220212144,0.8375992063199541,1.0,0.928877084134236
Naive,0.8929608180467515,0.9524171164115954,0.8351851851426003,0.9880952380952381,0.9171645894240463
